{
    "r2 score": 0.2672272291607466,
    "rmse score": 0.6797121833425759,
    "mae score": 0.5409756953063376
}