{
    "r2 score": 0.28750510731767864,
    "rmse score": 0.6413392742940794,
    "mae score": 0.5089147416999711
}