{
    "r2 score": 0.29974924355551436,
    "rmse score": 0.6629168884002467,
    "mae score": 0.511098376482247
}